name,ring,quadrant,isNew,descripción
Mocha JS,Hold,languages & frameworks,FALSE,"Mocha JS es una herramienta de pruebas de software para JavaScript, que permite a los desarrolladores escribir y ejecutar pruebas automatizadas de manera eficiente. Esta herramienta ofrece una amplia gama de funciones, como la integración con otras bibliotecas de JavaScript, la generación de informes detallados y la ejecución de pruebas en diferentes navegadores y sistemas operativos. Además, Mocha JS es altamente personalizable y se puede utilizar en diferentes entornos de desarrollo, lo que la convierte en una herramienta esencial para cualquier equipo de desarrollo de software moderno."
Enzyme,Hold,languages & frameworks,FALSE,"Enzyme es una herramienta de prueba de unidades de React que permite a los desarrolladores de software realizar pruebas precisas y eficientes de sus componentes de React. Con Enzyme, los desarrolladores pueden simular eventos y estados para probar la funcionalidad de los componentes y asegurarse de que funcionen correctamente. Además, Enzyme proporciona una API intuitiva y fácil de usar que permite a los desarrolladores escribir pruebas de manera rápida y eficiente. En resumen, Enzyme es una herramienta esencial para cualquier desarrollador de React que busque mejorar la calidad y la fiabilidad de sus aplicaciones."
web-flox-client,Hold,languages & frameworks,FALSE,"Web-flox-client es una herramienta de software que permite a los usuarios crear aplicaciones web dinámicas y escalables. Esta herramienta utiliza tecnologías de vanguardia como React, Redux y Webpack para crear una experiencia de usuario fluida y eficiente. Los desarrolladores pueden utilizar Web-flox-client para crear aplicaciones de una sola página, aplicaciones móviles y aplicaciones empresariales complejas. Con su arquitectura modular y su enfoque en la reutilización de código, Web-flox-client es una herramienta poderosa y versátil para cualquier proyecto de desarrollo web."
Redux,Hold,languages & frameworks,FALSE,"Redux es una herramienta de gestión de estado para aplicaciones JavaScript. Permite mantener un estado centralizado y predecible en la aplicación, lo que facilita la comprensión y el mantenimiento del código. Redux se basa en el patrón de diseño Flux y se integra bien con bibliotecas populares como React. Con Redux, las acciones que ocurren en la aplicación se registran en un registro y se envían a través de un reductor, que actualiza el estado de la aplicación. Esto permite una gestión de estado más eficiente y escalable en aplicaciones complejas."
Next JS,Hold,languages & frameworks,FALSE,"Next JS es un framework de desarrollo web de código abierto basado en React JS que permite la creación de aplicaciones web de alta calidad y rendimiento. Esta herramienta de informática ofrece una experiencia de usuario fluida y rápida, gracias a su capacidad para renderizar páginas de forma estática o dinámica según sea necesario. Además, Next JS cuenta con una amplia gama de características como el pre-renderizado, la carga de datos en el servidor y el soporte para múltiples lenguajes de programación, lo que la convierte en una herramienta muy versátil y útil para los desarrolladores web."
Gatsby,Hold,languages & frameworks,FALSE,"Gatsby es una herramienta de desarrollo web de código abierto que utiliza React para crear sitios web rápidos y eficientes. Utiliza la técnica de pre-renderizado para generar páginas estáticas, lo que mejora significativamente el tiempo de carga y la experiencia del usuario. Además, Gatsby ofrece una amplia variedad de plugins y herramientas para personalizar y optimizar el sitio web, lo que la convierte en una herramienta muy popular entre los desarrolladores web. En resumen, Gatsby es una herramienta esencial para aquellos que buscan crear sitios web modernos y de alto rendimiento."
Prisma,Assess,languages & frameworks,FALSE,"Prisma es una herramienta de procesamiento de imágenes que utiliza técnicas de inteligencia artificial para transformar fotos en obras de arte. Su algoritmo de redes neuronales analiza la imagen original y la recrea en diferentes estilos artísticos, como el impresionismo o el cubismo. Prisma es una aplicación móvil y web que permite a los usuarios aplicar filtros artísticos a sus fotos en tiempo real, lo que la convierte en una herramienta popular para crear contenido visualmente atractivo en las redes sociales. Además, Prisma también ofrece funciones de edición de fotos básicas, como recorte y ajuste de brillo y contraste."
Apollo Server,Assess,languages & frameworks,FALSE,"Apollo Server es una herramienta de código abierto que permite crear servidores GraphQL de manera sencilla y eficiente. Con Apollo Server, los desarrolladores pueden definir esquemas de datos y resolver consultas de manera rápida y flexible, lo que facilita la creación de aplicaciones web y móviles de alta calidad. Además, Apollo Server ofrece una amplia variedad de características, como la integración con bases de datos y la autenticación de usuarios, lo que lo convierte en una herramienta indispensable para cualquier equipo de desarrollo de software."
Apollo Client,Assess,languages & frameworks,FALSE,"Apollo Client es una herramienta de gestión de estado de datos para aplicaciones web modernas. Permite a los desarrolladores trabajar con datos de forma eficiente y escalable, mediante la integración de GraphQL en la capa de cliente. Con Apollo Client, los desarrolladores pueden gestionar el estado de la aplicación de forma centralizada, lo que les permite mantener una experiencia de usuario coherente y optimizada. Además, Apollo Client ofrece una amplia gama de características, como caché de datos, gestión de errores y optimización de consultas, lo que lo convierte en una herramienta esencial para cualquier desarrollador de aplicaciones web."
Graphql,Assess,languages & frameworks,FALSE,"GraphQL es una herramienta de consulta de datos que permite a los desarrolladores de aplicaciones web solicitar solo la información necesaria de una API. En lugar de hacer múltiples solicitudes para obtener diferentes datos, GraphQL permite a los desarrolladores obtener todo lo que necesitan en una sola consulta. Además, GraphQL es altamente escalable y flexible, lo que lo convierte en una excelente opción para aplicaciones web complejas. En resumen, GraphQL es una herramienta poderosa y eficiente que puede mejorar significativamente la eficiencia y la experiencia del usuario en aplicaciones web."
tRPC,Assess,languages & frameworks,FALSE,"tRPC es una herramienta de comunicación remota de procedimientos basada en protocolo HTTP/2 y gRPC. Permite la comunicación entre diferentes sistemas y lenguajes de programación de manera eficiente y segura, utilizando una interfaz de programación de aplicaciones (API) fácil de usar. tRPC es altamente escalable y puede manejar grandes volúmenes de datos con baja latencia. Además, ofrece características avanzadas como la autenticación y autorización, lo que lo convierte en una herramienta ideal para aplicaciones empresariales y de alta seguridad."
React Query,Assess,languages & frameworks,FALSE,"React Query es una biblioteca de gestión de estado para aplicaciones React que permite la gestión de datos de forma eficiente y en tiempo real, gracias a su capacidad para realizar llamadas a API de forma inteligente y mantener los datos en cache. Con React Query, los desarrolladores pueden mejorar la experiencia del usuario al reducir la latencia y mejorar la velocidad de carga de la aplicación, lo que se traduce en una mayor eficiencia y productividad en el desarrollo de aplicaciones web. En resumen, React Query es una herramienta esencial para cualquier desarrollador que busque mejorar la eficiencia y la velocidad de sus aplicaciones React."
styled-components,Assess,languages & frameworks,FALSE,"Styled-components es una biblioteca de React que permite escribir CSS en JavaScript para crear componentes personalizados y estilizados. Esta herramienta ayuda a mantener el código limpio y organizado, al tiempo que facilita la creación de diseños coherentes en toda la aplicación. Con styled-components, los estilos se pueden reutilizar fácilmente y se pueden aplicar a cualquier componente, lo que permite una mayor flexibilidad y eficiencia en el desarrollo de aplicaciones web. Además, esta herramienta también ofrece características avanzadas como la capacidad de crear estilos dinámicos y temáticos, lo que la hace ideal para proyectos grandes y complejos."
Cypress,Assess,languages & frameworks,FALSE,"Cypress es una herramienta de automatización de pruebas de extremo a extremo para aplicaciones web modernas. Permite a los desarrolladores y equipos de prueba escribir, ejecutar y depurar pruebas de manera más eficiente y efectiva. Cypress ofrece una experiencia de usuario intuitiva y una arquitectura única que permite una ejecución rápida y confiable de las pruebas. Además, Cypress cuenta con una amplia gama de características útiles, como la observación en tiempo real de las pruebas, la depuración de pruebas y la integración con herramientas de CI/CD. En resumen, Cypress es una herramienta imprescindible para cualquier equipo de desarrollo de aplicaciones web modernas que busque mejorar su proceso de prueba y asegurar la calidad del software."
node-heimdall,Trial,languages & frameworks,FALSE,"Node-Heimdall es una herramienta de monitoreo de sistemas en tiempo real, diseñada para detectar y alertar sobre posibles problemas en la infraestructura de TI. Esta herramienta utiliza una arquitectura modular y escalable, lo que le permite adaptarse a diferentes entornos de TI y ofrecer una visibilidad completa de todos los componentes del sistema. Node-Heimdall también cuenta con una interfaz de usuario intuitiva y fácil de usar, que permite a los usuarios visualizar y analizar los datos de monitoreo en tiempo real, lo que facilita la toma de decisiones informadas y la solución de problemas de forma rápida y eficiente."
Xstate,Trial,languages & frameworks,FALSE,"Xstate es una herramienta de programación que permite a los desarrolladores crear y gestionar estados complejos en aplicaciones web y móviles. Esta herramienta utiliza un lenguaje de programación declarativo y ofrece una amplia gama de funciones para controlar y gestionar los estados de una aplicación. Xstate es altamente escalable y se integra fácilmente con otras herramientas de desarrollo, lo que la convierte en una opción popular para proyectos de gran envergadura. Además, su enfoque en la gestión de estados hace que sea una herramienta esencial para aquellos que buscan crear aplicaciones robustas y confiables."
Jest,Adopt,languages & frameworks,FALSE,"Jest es una herramienta de prueba de JavaScript de código abierto que se utiliza para realizar pruebas unitarias, de integración y de extremo a extremo en aplicaciones web y de Node.js. Con una sintaxis clara y fácil de usar, Jest permite a los desarrolladores automatizar pruebas y validar el comportamiento de su código en diferentes escenarios. Además, Jest cuenta con una amplia gama de funciones, como la generación automática de informes de prueba y la integración con otras herramientas de desarrollo, lo que lo convierte en una herramienta esencial para cualquier equipo de desarrollo de software."
Nock,Adopt,languages & frameworks,FALSE,"Nock es una herramienta de programación funcional minimalista que se utiliza para la creación de lenguajes de programación y sistemas de inferencia. Su diseño simple y modular permite a los desarrolladores crear sistemas complejos de manera eficiente y escalable. Además, su enfoque en la pureza funcional y la evaluación perezosa hacen que los programas escritos en Nock sean altamente expresivos y fáciles de entender. En resumen, Nock es una herramienta poderosa y flexible para la creación de sistemas informáticos avanzados."
Andes,Adopt,languages & frameworks,FALSE,
Node JS,Adopt,languages & frameworks,FALSE,"Node JS es una herramienta de programación en JavaScript que permite ejecutar código en el lado del servidor. Es muy popular entre los desarrolladores web, ya que es capaz de manejar grandes cantidades de datos en tiempo real y ofrece una alta escalabilidad. Node JS es una plataforma de código abierto que funciona en múltiples sistemas operativos y es compatible con una gran cantidad de librerías y frameworks. Además, ofrece una arquitectura basada en eventos que permite una programación asincrónica, lo que la hace ideal para aplicaciones en tiempo real y de alta disponibilidad."
Nordic,Adopt,languages & frameworks,FALSE,
Tetris,Adopt,languages & frameworks,FALSE,
Typescript,Adopt,languages & frameworks,FALSE,"Typescript es un lenguaje de programación de código abierto que se basa en JavaScript y que permite escribir código más seguro y fácil de mantener. Con Typescript, los desarrolladores pueden definir tipos de datos y realizar comprobaciones estáticas de tipos en tiempo de compilación, lo que reduce la posibilidad de errores en tiempo de ejecución. Además, Typescript ofrece una gran compatibilidad con librerías y frameworks de JavaScript, lo que lo convierte en una herramienta muy útil para el desarrollo de aplicaciones web y móviles."
SWC,Adopt,languages & frameworks,FALSE,"SWC es una herramienta de software que permite a los usuarios diseñar, modelar y simular sistemas complejos en tiempo real. Con una interfaz intuitiva y fácil de usar, SWC ofrece una amplia gama de herramientas de análisis y visualización para ayudar a los usuarios a comprender y optimizar sus sistemas. Desde la simulación de procesos industriales hasta la creación de modelos de sistemas de transporte, SWC es una herramienta esencial para cualquier experto en informática que busque mejorar la eficiencia y la eficacia de los sistemas complejos."
Logger (Nordic),Adopt,languages & frameworks,FALSE,"Logger de Nordic es una herramienta de registro de datos altamente eficiente y confiable diseñada para recopilar y registrar información en tiempo real de diversas fuentes, como sensores, dispositivos inteligentes y sistemas de control. Con una interfaz sencilla y fácil de usar, Logger permite a los usuarios configurar y personalizar la recopilación de datos, así como analizar y visualizar los resultados de manera rápida y efectiva. Además, su capacidad de almacenamiento de alta capacidad y su diseño robusto lo hacen ideal para aplicaciones en entornos industriales y de investigación."
Rest client (Nordic),Adopt,languages & frameworks,FALSE,"Rest Client es una herramienta de software que permite a los desarrolladores de aplicaciones web probar y depurar solicitudes HTTP y API RESTful. Nordic Rest Client es una implementación específica de esta herramienta, que ofrece una interfaz de usuario intuitiva y fácil de usar, así como una amplia variedad de funciones para simplificar el proceso de prueba y depuración. Con Nordic Rest Client, los desarrolladores pueden enviar solicitudes HTTP personalizadas, ver y analizar las respuestas de los servidores, y realizar pruebas de carga y rendimiento de manera eficiente. Además, la herramienta es altamente personalizable, lo que permite a los usuarios adaptarla a sus necesidades específicas de desarrollo."
React useReducer,Adopt,languages & frameworks,FALSE,"React useReducer es una herramienta de programación en React que permite manejar el estado de una aplicación de manera eficiente. Se utiliza para manejar estados complejos y evitar el uso excesivo de estados locales y efectos secundarios. useReducer se basa en el patrón de diseño de reducción, donde se define una función reductora que toma un estado anterior y una acción y devuelve un nuevo estado actualizado. Esto ayuda a mantener la lógica de la aplicación separada de la interfaz de usuario y hace que el código sea más fácil de mantener y escalar."
